og_idx	id	text	Relatedness	Specificity	Richness	Coherence	Grammatically
Dialogue history:							
"HS: Muslims are just an inconvenient group of people in a country like the UK. They cannot be integrated.
CN: Muslims are welcome here, and many of them already live here, so why shouldn't we welcome them? Why should we be so intolerant of people who are already integrated here?"							
HS to address:							
HS: Muslims are just a bunch of criminals, they're impossible to integrate.							
							
182	5274	The problem is not Islam, but the lack of integration among Muslims.					
182	4148	Muslims are not criminals. They are just people who want to live their life as they want.					
182	2768	Muslims are not criminals, they are just people who have the right to live their lives as they wish.					
182	4168	Are you suggesting that all Muslims are criminals, or do you think that there are particular Muslims that are more inclined to be criminals?					
182	8553	Muslims are not criminals. They are just people who want to live their lives as they wish.					
							
							
							
Dialogue history:							
"HS: Jews are not a religion, they are a detestable race.
CN: Jews are not a 'detestable race'; they are a collection of people with different traditions from all over the world.
HS: Tradition? More like an inborn illness, I'd say.
CN: You mean that, in your opinion, to be Jewish is an immutable and negative characteristic? Why?"							
HS to address:							
HS: Because Jews are the only ones who want to rule the world to impose their religion.							
							
154	2928	Jews are not the only ones who want to rule the world. They are also not the only ones who want to rule the world.					
154	5192	Jews are not a threat to the world, they are just people who have been in power for centuries.					
154	6145	Jews are not the only ones who want to rule the world. They are just people who have a different faith and beliefs.					
154	6998	The Jewish people have always been a diverse and inclusive group, also towards people of different faiths.					
154	5004	Jews are not the only ones who want to rule the world. They are also part of a community of people who have a right to live their lives as they wish.					
							
							
							
Dialogue history:							
"HS: Immigrants are not interested in our culture.
CN: Immigrants come here to enjoy our country and culture, and we have to welcome them as we would like to be welcomed.
HS: But they contribute nothing to society!
CN: The fact that immigrants come from another country doesn't mean that they have nothing to contribute to ours. You may want to check the statistics on their economic contribution."							
HS to address:							
HS: Come on, we all know that they are entering the U.S. just to obtain welfare and other benefits.							
							
111	7818	The U.S. has a long and proud history of welcoming immigrants, and it is up to us to ensure that all immigrants are treated fairly and fairly.					
111	587	Immigration is a part of our country, and it's not a problem to us. We welcome people from all over the world, and we're proud of our diverse population.					
111	8258	The U.S. has a lot to offer, and immigrants are not necessarily seeking benefits. They may come here to obtain jobs, pay taxes, or to take part in social events.					
111	6442	Most immigrants coming to our country work hard to take care of their families. Many studies have shown that immigrants tend to pay more in taxes than they receive in benefits. This means that the taxes they pay cover the cost of things like public education and healthcare of others.					
111	9624	Immigrants are not seeking benefits. They are seeking a better quality of life.					
							
							
							
Dialogue history:							
"HS: Black people are ‘super predators’. They should take responsibility for letting their children grow up in a 'ghetto'.
CN: If we are to talk about crime being the responsibility of black people, we should also be talking about the absence of black people in positions of power, the massive wealth gap, etc. But this is not what I am seeing."							
HS to address:							
HS: Black people are weak, that's why they don't have power. I don't care about them.							
							
203	5186	I don't think you can say that black people are weak because of their lack of power. They are just as capable as anyone else of doing things like this.					
203	2637	Black people are not weak, they have the same rights as anyone else.					
203	2638	Black people are not weak, they have the same rights as anyone else.					
203	2975	You can't blame people of color for being weak, this is racism. Black people are people as is anybody else.					
203	615	Black people are not weak, they have the same rights as anyone else.					
							
							
							
Dialogue history:							
"HS: We need to eradicate all those refugees coming to our land.
CN: We should rather show compassion and sympathy to people who are fleeing persecution
HS: They flee here only to destroy our culture, we have to stop immigrants
CN: Immigrants are part of our culture, so it wouldn't exist like we know it if we stopped accepting them."							
HS to address:							
HS: We cannot keep letting in hundreds of thousands of immigrants! This is not what the American dream is about.							
							
60	6726	The American dream is about the integration of people from different backgrounds, and the acceptance of them is the key to the success of our country.					
60	3697	The American dream is about equality and inclusion, not discrimination and violence.					
60	5707	The American dream is about the opportunity to live our lives in a safe and welcoming country. We should not restrict the right of immigrants to come to our country.					
60	5259	Well, I hate to break it to you but this is EXACTLY what the American dream is about: to strive to improve your life.					
60	4198	The American dream is about the equality of the people, not the letting in of people.					
							
							
							
Dialogue history:							
"HS: Islam is a sickness and a cancer on the European continent, it should be banned
CN: Islam is a religion, no one is forcing anyone to believe in it. It's not a sickness or a cancer."							
HS to address:							
HS: A religion that is incompatible with the European Union.							
							
9	6918	Islam is a religion that is compatible with the European Union.					
9	9578	Islam is compatible with the European Union, so why would you say that?					
9	4740	Islam is a religion that is compatible with the European Union.					
9	3184	There is no evidence that it is incompatible with the European Union. Do you have any?					
9	1205	Islam is a religion that has been part of the European Union for centuries, and it is compatible with the European Union.					
							
							
							
Dialogue history:							
"HS: As a woman, you shouldn’t complain about having to upkeep your house. As a man, you should always make sure you’re providing.
CN: Women are allowed to do whatever they choose to do, so don't you think it's fair for them to complain about upkeeping the house if it is not what they want to do? The chores should be shared with the other members of the family.
HS: No, women are just inferior.
CN: They are human beings with the same rights as men. Equality does not happen by default. It is a human right to be treated with respect, regardless of gender.
HS: But they are weak, and they are subhuman.
CN: The notion that women are subhuman is completely false."							
HS to address:							
HS: Well, they have only a very limited concept of human rights. They don't need them.							
							
119	7710	Women have the same rights as men, and they deserve respect.					
119	2308	The human rights of all people are respected, and they are protected by the law.					
119	2299	Women have the same rights as men, and they have the same rights as men.					
119	3771	If you think women should not be allowed to vote or to have other rights, you are against modern society and democracy. Women make up half of the world's population, it's unthinkable to exclude all of them.					
119	5852	Women are human beings with the same rights as men. They have the same rights as men, and the same rights as men.					
							
							
							
Dialogue history:							
"HS: If you don't see the connection between legitimizing the queer lifestyle and an increase in STD's and sexual deviancy then you're blind...
CN: Most STDs are contracted by straight people, this has nothing to do with how societally acceptable queer relationships are!"							
HS to address:							
HS: But telling people that it’s okay to be gay makes way for us normalising promiscuity, adultery, and other depraved behaviours. The queers have always been at it.							
							
157	6016	It's not a problem to be gay, it's just a different sexuality. It's not a problem to be straight, it's just a different sexuality.					
157	9115	I don't think it's a problem to say that homosexuality has always been a problem, it's just a social construct that hasn't been around for a long time.					
157	9778	This is not true. The fact is that the LGBT community is often characterized by a lack of acceptance and acceptance of different sexual orientations. This is because the LGBT community is often characterized by a lack of acceptance and acceptance of different sexual orientations.					
157	2005	So you’re telling me no one straight was promiscuous or cheated in relationships before being LGBT was more acceptable? Sure.					
157	9393	I'm sorry, but there's nothing wrong with saying that gay people are normalising sexual activity, and this is just a myth perpetuated by anti-gay groups.					
							
							
							
Dialogue history:							
"HS: Jews can be bribed with public money, this is called bribery.
CN: Anybody who has tried to commit bribery knows how easy it is to get caught seeing that it is illegal. Jewish people are no exception
HS: Jews make too much money, I'm sure some of it is from bribery.
CN: Well, if we assume that the Jews can magically make more money just because they are Jewish then yes, it is true. But I don't think that makes any sense
HS: It does make sense because Jews are simply wired to make money.
CN: Are you saying that being of a certain faith has something to do with high positions in society? Correlation doesn't mean causation."							
HS to address:							
HS: Then why do they have so much money?							
							
167	2868	It is not true that Jews make too much money because of bribery. It is not true that Jews are wired to make money.					
167	576	The wealthy people in this country have a lot of wealth, and they are not wealthy people.					
167	1436	The Jewish people are not tied to a specific religion, they are simply people who work hard to make money.					
167	1011	And what do you think about other groups of people in our society that make too much money and are not Jewish? Do you agree with them or not?					
167	7974	It is not true that Jews make too much money because of their religion. It is true that they are wealthy because of their faith.					
							
							
							
Dialogue history:							
"HS: Women are basically childlike, they should remain at home and raise the children.
CN: Women are members of society and participate in the world. They play a part in history and shouldn't be lowered to the position of housekeepers.
HS: I'm not saying that they should necessarily be housekeeper, but at least they should be submissive and submit to their husbands.
CN: Women have choices because they're human. You can have your opinion, but you can't hold back half of the population with these ideas of submissivness. It's a waste of talent and potential.
HS: Talents??? Women are nothing but whores!
CN: Women are human beings deserving of respect and deserving of the same professional opportunities as men."							
HS to address:							
HS: Come on, there are no professions barred to them in Western Society.							
							
33	295	Women are allowed to work in many professions, including those that are related to their gender.					
33	4302	I think it is important to point out that there are many professions that are not restricted to women in Western society.					
33	7672	Women are not banned from entering any profession. They are just as capable as men of performing their jobs.					
33	4083	Officially no, but many sectors are still unwelcoming or unapproachable for women, especially STEM fields.					
33	8950	Women are allowed to work in many professions, including those that are regulated by the law.					
							
							
							
Dialogue history:							
"HS: Jews are so greedy, no wonder they're the ones in charge of all the banks.
CN: That's an anti-Semitic and outdated stereotype. There are high status bankers of all different religions and beliefs."							
HS to address:							
HS: I've never met a Jew who wasn't greedy.							
							
5	3137	I've met many Jews who were very kind and helpful to me. I'm sure you're not saying that because of your past experience.					
5	3574	I'm sorry, but you seem to be ignoring the truth. I'm sorry to say that you have never met a Jewish person who wasn't greedy.					
5	3191	I've never met a Jewish person who was not greedy. I'm sorry, but I've never seen a Jewish person who was not greedy.					
5	551	Well it sounds like you haven't met many Jewish people at all then. Maybe if you knew more people from different cultures you would be more informed and wouldn't hold such stale stereotypes of them!					
5	6951	I've met a lot of Jewish people, and I'm sure you're aware of that. They're not in charge of all the banks.					
							
							
							
Dialogue history:							
"HS: I hate when bitches are vain and think they’re the prettiest bitch there is. That shit is unattractive.
CN: What’s wrong with women having self esteem and loving themselves?"							
HS to address:							
HS: Vanity is not a good quality. They think they deserve everything and that they’ve got no flaws.							
							
101	5613	Women are human beings with human rights. They have the right to be respected and to have their own opinions.					
101	9242	Women are often accused of being too shallow and apathetic, but this is not true. Women are often accused of being too shallow and apathetic, but this is not true. Women are often accused of being too shallow and apathetic, but this is not true.					
101	2955	Women are human beings with human rights. They have the right to be happy and fulfilled, and to be proud of who they are.					
101	8699	Women are taught to feel like they’re not good enough through social conditioning and media their whole lives. To unlearn this and to actually like themselves takes a lot of mental strength and I’m happy for them!					
101	5252	Women aren’t a 'prettiest bitch'. They are just having a good time and are happy with their life.					
							
							
							
Dialogue history:							
"HS: Jews are selfish and greedy: they don't belong to this place.
CN: It is up to us to make sure that people from different backgrounds can have a better quality of life. We should integrate them instead of discriminating agaist them ."							
HS to address:							
HS: It's impossible to integrate them, Jews do not belong to this planet.							
							
45	7857	Jews are human beings with human rights. They have the right to live their lives as they wish.					
45	2892	Jews are part of our planet, and they are part of our society.					
45	7229	Jews are human beings with human rights. They are human beings with human rights.					
45	1800	Could it be that all the Jews on this planet are descended from an extraterrestrial race? Maybe they came here riding a pink unicorn! Seems legit... don't you think?					
45	4144	Jews are part of our planet, and they are part of our society. We have to respect them and accept their differences.					
							
							
							
Dialogue history:							
"HS: All muslims are rapists
CN: This is a made up stereotype. A lot of Muslims are good, respectful and peaceful people.
HS: No, they're not. They're terrorists.
CN: Just because they are Muslims, doesn't mean they are terrorists. Islam is not a violent religion."							
HS to address:							
HS: It is when they start shooting our citizens.							
							
177	363	The rape of a Muslim is not a crime, it is a religious practice.					
177	7690	The shooting of innocent people is not a crime, it is a violation of human rights.					
177	8322	The vast majority of Muslims are not violent, they are just peaceful people who are not violent.					
177	4234	Where are you getting your information? Islam is not about violence. It is about love.					
177	7169	The rape of a citizen is not a crime, it is a religious practice.					
							
							
							
Dialogue history:							
"HS: Blacks do not want to assimilate.
CN: Whites, Latinos, Asians and people from all over the world want to be part of our society. So do people of color."							
HS to address:							
HS: Black people are a sickness, not a valuable part of our society. We cannot allow our children to grow up in a black-ruled society.							
							
118	8336	We should not allow our children to grow up in a black-ruled society. We have to respect the rights of everyone.					
118	3	We should not allow our children to grow up in a society that is based on racism.					
118	9230	We should not allow our children to be deprived of the opportunities that come with being a black-ruled society.					
118	4967	It seems not wanting people of colour in positions of authority is an obvious racism. I am not sure what you are saying; we are all human beings with the same core values to raise our children with.					
118	6105	We should not blame people for the problems in our society, but rather blame people for the problems in our society. We should not blame people for the problems in our society, but rather blame people for the differences in their skin color.					
							
							
							
Dialogue history:							
"HS: Cultural Marxism hates the traditional family and wants to destroy it. This is what the LGBT agenda wants, it’s not about equality or pride, it’s sinister!
CN: It sounds like you don't support equal rights for everyone, which is unfortunate. There is no LGBT agenda, they only want to be accepted in society.
HS: No, they hate traditional family values I don’t want them to get control of society.
CN: That's not true. Many LGBT people want to build a family and share the same values as us. I feel like ""traditional"" means ""bigoted"" here.
HS: I’m not OK with it! They’re not like us and building a family shouldn’t be allowed for them, they’re different
CN: We should respect people who are different from us and strive to be kind and considerate. Especially, we should let them exert their rights."							
HS to address:							
HS: If they’re different, they shouldn't associate with us. Then I could consider being tolerant.							
							
46	1072	I don't think you can say that LGBT people are not compatible with us. They are just trying to have a better life.					
46	4324	I think it's important to understand that racism is a part of our society and that it's not a problem to be inclusive towards people of different faiths.					
46	804	I don't think you should be tolerant. LGBT people are welcome in our society and we should treat them with respect.					
46	3918	I don’t see any difference between us and them. If you don’t want to associate with people like them, then don’t associate with them, but you should never disrespect someone just because they're different from you.					
46	9176	I don't think you can say that they're different from us because of their sexual orientation. They are our brothers and sisters.					
							
							
							
Dialogue history:							
"HS: LGBT people are a danger to society and we need to take a stand against them.
CN: Why do you feel like LGBT people are dangerous?
HS: It's a slippery slope, first we accept gays and transgenders, next it will be pedophiles.
CN: There is no link between the LGBT+ community and paedophiles. These things have no connection."							
HS to address:							
HS: Are you saying there's no gay or trans paedophiles? Because that's a lie.							
							
125	2683	I'm sorry, but paedophiles are not a part of the LGBT+ community. They are just people who have a different sexual orientation.					
125	5952	I'm sorry, but paedophiles are not a part of our society. We have to respect the rights of all people regardless of sexual orientation.					
125	5217	I don't think paedophiles are a problem, they are just people who are trying to live their lives.					
125	6167	No, I'm saying paedophilia and child abuse is not an LGBT+ issue, paedophiles can be straight, gay, or whatever else. People in the LGBT+ community are not advocating for paedophilia to be accepted, that's 					
125	4390	I don't think you can say that there are no paedophiles. I think you are misinterpreting reality.					
							
							
							
Dialogue history:							
"HS: Islam is a disease that is killing Europeans.
CN: Disease and religion are two very different concept, so how can you apply the label of ""disease"" to Islam?"							
HS to address:							
HS: Muslims are a disease because they're incompatible with human dignity and should be relegated to the back of the queue for removal from the constitution.							
							
195	8280	Islam is a religion, and it is not incompatible with human dignity.					
195	1153	Muslims are not incompatible with human dignity. They are just people with a different faith.					
195	2175	Muslims are not incompatible with human dignity. They are just people who practice their religion.					
195	6644	No Muslims has been excluded from the European Convention on Human Rights, and this is because they have human rights.					
195	6290	Islam is a religion, and it is not a disease. It is a religion that promotes peace and harmony.					
							
							
							
Dialogue history:							
"HS: If the Koran was published today it would be banned as hate speech.
CN: I rarely read a book that was as peaceful as the Koran. What is your point?
HS: Islam is hateful and they hate us.
CN: What about the Quran, the Hadith, the Sunnah, the Sunnah Patrol, etc. They are all books about tolerance and solidarity. What are you talking about?"							
HS to address:							
HS: If I had to pick just one I'd say that the Quran is all hate speech.							
							
251	5435	The Quran is not all hate speech. The Quran is about love and compassion.					
251	2928	The Quran is not all hate speech. It is a book about love and compassion.					
251	2730	The Quran is not hate speech. It is a book about love and acceptance.					
251	5389	The Quran is a religious book that gives guidance to Muslims about how to act and practice their religion. There is nothing hateful about it.					
251	2482	The Quran is not hateful. It is a book about love and acceptance.					
							
							
							
Dialogue history:							
"HS: I don't like gays, I don't want to be around them. I want to watch them thrown in jail.
CN: We should treat everyone as if they came from our same family. LGBT+ people are not different.
HS: I hate gays, they're not part of 'my family'.
CN: I think you should try to start a dialogue about LGBT issues. It might also spark a conversation about how we can make better world.
HS: Gays are perverts. The Bible teaches that homosexuals are to be despised, a better world is possible only without them.
CN: What is wrong with being gay for you? I don't think it is wrong to love someone of your same sex."							
HS to address:							
HS: Gays are different from other people because of their sexual orientation. And deep down in their heart they despise themselves.							
							
143	3435	Homosexuality is not a disease, it is a sexual orientation. It is not a disease, it is not a sexual preference.					
143	8250	I don't think you can generalize that gay people are different from other people because of their sexual orientation. You should try to understand that there are many different ways of life, and this includes being gay.					
143	1693	The idea that gays are different from other people because of their sexual orientation is completely false. They are human beings with the same rights as anyone else.					
143	2515	You are the one making this ridiculous claim. Even if gay people love people of the same sex, they are happy with who they are.					
143	8646	Homosexuality is not a sexual orientation. It is a personal preference, and it is not a choice.					
							
							
							
Dialogue history:							
"HS: Women should be patronized.
CN: Women are just as capable of thinking for themselves, that's for sure."							
HS to address:							
HS: Let's be honest: women want to do everything but are capable of nothing.							
							
232	2140	Women are human beings with human rights. They have the right to choose their own partner, job, education, and so on.					
232	7862	Women are human beings with human rights. They have the right to choose for themselves what they want to do, and to live their lives as they wish.					
232	4135	Women are human beings with human rights. They are capable of thinking for themselves, and of doing whatever they want to.					
232	2364	Women do have equal opportunities in this country under the law but the question is: how do we really treat them?					
232	1294	Women are human beings with human rights. They have the right to choose their own partner, job, education, and so on.					
							
							
							
Dialogue history:							
"HS: Jews don't want their children to know about the Holocaust, guess why? Because it's a hoax!
CN: Many survivors confessed that they were willing to provide their children with stories of the Holocaust but it was very difficult emotionally. They want to talk about the aspects of life for Jews during the time of the Holocaust to not forget what happened.
HS: Holocaust is a myth, that's why it's 'difficult' for them to talk about it.
CN: To claim that the Holocaust is a myth is just wrong. Jews were victims of a genocidal regime."							
HS to address:							
HS: If they were victims of a genocide, why are there so many Jews around? The Holocaust is a lie, and Jews know it.							
							
272	2787	The Holocaust was a genocide, and Jews were victims of it. They were able to live their lives peacefully and without being attacked.					
272	5988	The Holocaust was a human tragedy, and it is still remembered today as a success. It is still remembered as a human tragedy, and it is still remembered as a human tragedy.					
272	4028	The Holocaust is a myth, and it's not a lie. It was a time of great suffering and suffering for all humankind.					
272	189	"What? Who said that? Don't tell me ""Someone said it in a book"". Such a serious accusation should be presented in an objective way: you must bring strong evidence."					
272	3811	The Holocaust was a human event, not a 'hoax'. It was a time of great suffering and suffering for many people, and it is still remembered today.					
							
							
							
Dialogue history:							
"HS: Women are basically childlike, they remain this way most of their lives. This degrading behavior is utterly repulsive and should not be tolerated.
CN: Women are human and deserve respect. Don't you think so?
HS: No, women are like children, soft and emotional.
CN: Sensitivity and emotional intelligence are assets not specific to any gender."							
HS to address:							
HS: I don't think so. Men don't shout and whine like feminists do. They are only girls wanting to shout louder than others.							
							
248	3034	Feminism is not about shouting and slurs. Feminism is about equality and equality of rights.					
248	9150	Feminism is about equality and equality of rights. It is about the right of all people to be treated as equals.					
248	5393	Feminism is about equality and equality of the genders. It is not about 'chosen' or 'chosen'.					
248	4424	Feminism is about full participation in the decision making process, and giving people a voice, not stifling their voices.					
248	7282	Feminism is about equality and equality of rights. It is not about 'chosen women'.					
							
							
							
Dialogue history:							
"HS: Gays are sick. They should be isolated and isolated soon.
CN: Gay people can feel alienated from the world, and this can have real effects on their mental health. LGBT+ people can experience isolation and loneliness, and it is possible to help them through empathy and inclusion."							
HS to address:							
HS: Gays are a plague that is spreading all around the world, we shouldn't help them. They pollute our water supply and ruin our children's brains.							
							
25	2421	The LGBT community is not a plague, they are just people who have the same rights as anyone else. They are just like us, they have the same rights as anyone else.					
25	2500	I don't think you can say that gays are a plague. They are just people who love people of the same sex. They are not a pest to our water supply, they are just people who love people of the same sex.					
25	4807	The problem is that gays are not a burden on our water supply, they are just people who want to be accepted and have a good life. We should help them instead of ignoring them.					
25	3673	Gays have the same rights as anyone else and can live their lives as they want. What you suggest means to demonise them.					
25	8188	The fact that gays are spreading all over the world is not true. They are part of our society and contribute to our economy. We should help them instead of ignoring them.					
							
							
							
Dialogue history:							
"HS: Terrorists are infiltrating the U.S. across the border with Mexico.
CN: There is no evidence that terrorists are entering through the Mexican border.
HS: Where are they all coming from then?!
CN: The vast majority of those accused of terrorism since 2002 in U.S. are U.S. citizens. Maybe we should look into the homeland situation rather than the Mexican one."							
HS to address:							
HS: Mexican terrorists are still a problem that we should address. It's time to close the border!							
							
147	2555	The US has always been a strong and diverse country, and the vast majority of terrorists are from Mexico. We should not close the border, it's time to address the problem of terrorism.					
147	3030	The problem is not the violence, but the lack of security. Terrorism is a problem that needs to be addressed, not the closing of the border.					
147	6004	The US has a long and proud history of recognizing the rights of citizens of Mexico and the people of the country they live in. We should not close the border.					
147	5165	There is no evidence that terrorists are entering through the Mexican border. In 2014, Homeland Security noted that “the suggestion that individuals that have ties to ISIL have been apprehended at the southwest border is categorically false, and not supported by any credible intelligence or facts on the ground.”					
147	9676	The problem with the Mexican border is that it is not safe for us to travel. The vast majority of terrorists in the U.S. are not from Mexico.					
							
							
							
Dialogue history:							
"HS: In the Bible there are strictures on gays. And the Bible clearly states that those who engage in homosexuality are not fit to be with anyone else.
CN: We are accepting of gay, lesbian and trans people because we have God's laws on our side.
HS: Gay men are perverts and promiscuous sex addicts, it's impossible to accept them.
CN: The idea that LGBT+ people are promiscuous is just false. Most of the time, they are just as attracted to other people as anyone else."							
HS to address:							
HS: Gays are perverts. The Bible teaches that homosexuals are to be despised.							
							
224	6720	The Bible says that homosexuality is to be accepted, but the Bible also says that homosexuality is not to be despised.					
224	8877	The Bible says that homosexuality is a sin, but the Bible does not teach that it is a sin.					
224	7045	The Bible says that homosexuality is to be accepted, but the Bible does not teach that it is to be despised.					
224	8290	What is wrong with being gay for you? I don't think it is wrong to love someone of your same sex.					
224	6334	The Bible teaches that homosexuality is to be respected. It is not true that homosexuality is to be despised.					
							
							
							
Dialogue history:							
"HS: I am tired of women whining about their condition: they should just accept the fact that they're not equal.
CN: We need to address the root causes of the oppression of Women, not the symptoms."							
HS to address:							
HS: No, we don't need that. I'm tired of women taking part to political debate. Feminism is a divisive force in society.							
							
3	4506	Feminism is a movement for equality in society. It is not a divisive force, it is a movement for equality in society.					
3	8097	Feminism is a movement for equality, not discrimination.					
3	7651	Feminism is not a divisive force in society. It is a movement for equality, not discrimination.					
3	6296	Obama was a pretty divisive force in society too. So were Malcolm X, Martin Luther King, Gandhi, Oppenheimer, Einstein, Caesar, etc. What is your point exactly?					
3	1896	Feminism is a movement for equality in society. It is a movement for equality between the genders.					
							
							
							
Dialogue history:							
"HS: Jewish folks are unable to love.
CN: Look, Jews were forced to live (and die) under Nazi oppression and have all the rights to feel enraged. Still, it doesn't mean that they are unable to love others, or that they are uncapable of forgiving.
HS: Are they really? Jews are an inferior race, they are genetically incapable of living with other people.
CN: The idea that Jews can be discriminated against because of some different genetics is completely without foundation. Maybe it is better to stop calling them 'inferiors'.
HS: But I can say that Jews are a different race. They are descended from apes and have no place in a modern civilised society.
CN: You're basically saying that because Jews have a different religion, they cannot be citizens?"							
HS to address:							
HS: Exactly, Jews don't belong here.							
							
73	8750	Jews are citizens of our country, and they deserve respect.					
73	2319	Jews are part of our society and they deserve respect.					
73	1806	Jews are part of our society and are part of our heritage. We should not be discriminated against for being Jewish.					
73	140	Many Jews feel excluded because of words such as yours. Luckily this is not the case for all of them: many are able to ignore discrimation.					
73	6913	Jews are part of our society, and they deserve respect.					
							
							
							
Dialogue history:							
"HS: Now we know that Islam is a destructive and violent religion which inspires terrorism all over the world.
CN: What do you mean? Islam is a peaceful religion, and has nothing to do with terrorism."							
HS to address:							
HS: It's not a religion, it's just a violent way of life. Islam is harmful to our society.							
							
285	4683	Islam is a religion, and it has nothing to do with terrorism.					
285	5649	Islam is a peaceful religion, and it is not harmful to our society.					
285	2160	Islam is a religion, and it is not harmful to our society.					
285	4537	The vast majority of of Muslims in this country are not violent. They're not a threat to our society in any way, they are simply normal citizens.					
285	8870	Islam is a religion that promotes peace and tolerance, and it is not harmful to our society.					
							
							
							
Dialogue history:							
"HS: Our nation is at the mercy of a Zionist led criminal system. It controls the government and the courts and at it’s helm are the criminal bankers in control of our economy. It feeds their greed!
CN: Yes, there’s corruption in government, banking etc but what has this got to do with Zionists?
HS: They’ve got Jews in charge of every major institution, if you don’t think corruption has anything to do with Jewish power then you’re deluded.
CN: There are powerful people who do corrupt or criminal things. There are powerful people who are Jewish. My point is that powerful people who are corrupt do not do these things BECAUSE they are Jewish. It’s also that corruption is not exclusive to Jewish people in power."							
HS to address:							
HS: If they’re not doing it to support the Zionist agenda what do you think the reason is?							
							
109	643	The reason for corruption is not Jewish, it's because they are corrupt people who have been part of the community for a long time. They are also corrupt people who have been part of the community for a long time and have been part of it for a long time.					
109	5552	I think it's important to point out that there are many Jewish organisations that have been founded to promote the equality of the sexes. It's not about'supporting the Zionist agenda', it's about promoting equality between the sexes.					
109	27	The corruption that you’re seeing isn’t exclusive to Jewish people, it’s more likely to be from corrupt individuals in power.					
109	1465	Money and power obviously? Isn’t that the point of all corruption? They don’t need another agenda on top of those things, there’s enough reason to be corrupt right there.					
109	1624	I think the reason why you say that is because you don’t know anything about the corruption that’s happening in the UK, and that’s because there’s a lot of people corrupted because of Jewish people.					
							
							
							
Dialogue history:							
"HS: I hate gays.
CN: Please attempt to initiate a conversation on LGBT issues, it will surely open up to a discussion about how we can make a better world.
HS: Faggots buy their partner toys but can't have sex with them, truly a nice way to make the world better!
CN: Sex is not exclusive to a man and a woman, and moreover heterosexuals are not the ones who can decide how others have sex. This attitude escalates violence against queer people and makes them victims."							
HS to address:							
HS: Gays are sick and different from us, should we really try to accept them? They should be isolated urgently instead, they have no place in civilised society.							
							
140	2754	I don't think it is appropriate to say that LGBT people are sick and different from us. They are part of our society and should be accepted.					
140	2956	I don't think it is a good idea to suggest that homosexuality should be banned. They are just people who love who they want, and it is up to us to decide what kind of place they want in a society.					
140	4952	The health and wellbeing of a society is a matter for everyone, and it is up to us to work out how to make our society more inclusive.					
140	6508	Gay people exist. They are loved and cherished for who they are and have all the rights of a human being.					
140	235	The LGBT community is a part of civilised society, and they deserve respect. They are not sick or different from us.					
							
							
							
Dialogue history:							
"HS: Jews are a disease like COVID that is killing Europeans.
CN: You can't say that about a group of people. People are never diseases, we have to accept everyone regardless of personal differences. What's wrong with jews?"							
HS to address:							
HS: They control the media, control our lives. 							
							
287	8980	Jews are not controlling the media, they are just trying to live their lives.					
287	6586	The media is a powerful tool for promoting hatred and violence against women. It is not true that they control our lives.					
287	5148	Jews are not controlling the media, they are just trying to live their lives.					
287	1552	"That's not true at all. Look up what a diverse society is like and you'll see that Jews are always present as contributing members of society. This isn't the same as ""controlling"" everything."					
287	9426	Jews are not controlling the media, they are just spreading hate and violence.					
							
							
							
Dialogue history:							
"HS: Gay men aren't normal because they are not interested in women.
CN: Gay men are interested in women, simply not in a romantic or sexual way. Why would you care what other people like? It's their private life.
HS: Because they're just selfish people with no respect for women.
CN: You might think that some gay people are selfish, but this is not the case for all of them. Don't you agree?"							
HS to address:							
HS: No, gays are incompatible with our society because they are so selfish. They don't deserve anything!							
							
211	9488	Homosexuals are not incompatible with our society. They are just like us: they are human beings with the same rights as anyone else.					
211	1086	Homosexuality is not selfish. It is a human right.					
211	8863	I don't think you can say that gays are incompatible with our society because of their selfishness. They are just like us, and they deserve respect.					
211	8321	Gay men are allowed to live their lives as they wish. They are human beings with equal rights and they deserve to be part of society.					
211	9669	Homosexuality is not incompatible with our society. It is a social construct that promotes love and acceptance, not discrimination.					
							
							
							
Dialogue history:							
"HS: The hoards of migrants that are coming here are a threat to girls in our country, migrant rape is an EPIDEMIC
CN: Sexual assault is a big problem that we need to do more to address, but I don't think this is an issue that's solely caused by migrants?"							
HS to address:							
HS: Have you not see then headlines across Europe about girls being gangraped in cities in Germany, Sweden, Italy, it's happening everywhere!							
							
42	5471	I'm sorry, but it's not true. In some cities, gangs are reported, and this is a big problem, but it's not a problem that is confined to migrants.					
42	9213	I'm sorry to hear about your news, but it's not a news that you can ignore. It's a very serious crime, and it's not a new phenomenon.					
42	3870	I'm sorry, but this is not true. The media often report incidents that are not reported by migrants, but rather by people who are trying to settle in the UK.					
42	1886	Yes these incidents are horrific, but they are in the news because they are exceptionally bad cases. Sexual assault is most likely to be committed in the home by someone known to the victim. This means it's not very likely to be someone they don't know, like a street attack by a 					
42	1837	I don't think it's true that sexual assault is a problem only because of migrants, but it's a problem that needs to be addressed, and it's not something that is a problem to be ignored.					
							
							
							
Dialogue history:							
"HS: Muslims have nothing to contribute to our society, they are only an ATM for the world's major problems.
CN: Your word for ""Muslims"" means all people from a religion, whether you like it or not. Which problems are you talking about?
HS: Child rapists, for example. If Muslims counteracted them in their communities instead of engaging in public discussions about Islam, one day Islam indeed would become a peaceful religion.
CN: Why do you think child rapists are not counteracted in Islamic communities?
HS: Islam is a violent religion, of course Muslims don't do anything about their violent people.
CN: Violence is never justified in Islam, especially not in the case of Muslims."							
HS to address:							
HS: Muslims are here to rule us with their religion, how is this not violent?							
							
17	2529	Islam is a religion, and it is not a religion of rule.					
17	9608	The vast majority of Muslims are peaceful people, and this is why they are so important in our society.					
17	5749	Muslims are not here to rule us. They are just trying to live their life as they want.					
17	1267	Islam is not a religion trying to rule us. It is time for us all to do more to promote inclusion, not less.					
17	4829	The Quran says that all people are created equal in the eyes of God, and this includes Muslims.					
							
							
							
Dialogue history:							
"HS: Gays are a disease.
CN: No, it's not. Being gay is a personal preference.
HS: I don't know, I've never met a gay person who was normal.
CN: Maybe you should start thinking about how you're treating gay people instead of being hateful towards them. "							
HS to address:							
HS: How would I know how I have to treat them? They're too different.							
							
282	2155	I don't think you can know how to treat gay people, they're just people who are interested in who they are.					
282	2491	I don't think you can generalize about someone by saying they are different from you. You should try to understand them better, because you don't need to.					
282	7234	I don't think you can generalize about gay people by saying that they are different from you in any way.					
282	9043	Since you see gay people as being not normal, you might have to rethink your views on sexuality. Even if they have a different sexual orientation, gay people deserve respect.					
282	9473	Homosexuality is not a personal preference, it's a social preference.					
							
							
							
Dialogue history:							
"HS: Why are there still so many immigrants ruining our economy?
CN: There are many good reasons for immigrants coming to this country. For example, finding a better life. And they are also contributing to the economy."							
HS to address:							
HS: Migrants don't contribute to the economy, they only bring crime, violence and poverty.							
							
76	5379	The vast majority of immigrants are not criminals, but rather people who work hard to improve our country.					
76	6611	Migrants are often abused by the government, especially by the media, who want to exploit them and exploit them.					
76	5328	Migrants are often able to work and pay taxes, which helps to create jobs, and they also contribute to society.					
76	5361	Immigrants come here to work, pay taxes, provide for their families, and contribute to the U.S. economy. They are deserving of our respect.					
76	9803	The vast majority of immigrants are not criminals, but rather people who are willing to work and contribute to our society.					
							
							
							
Dialogue history:							
"HS: Everywhere you look on tv now, white people are being erased. Every advert has mixed race families, openly promoting miscegenation, no white men anywhere. This is all part of their plan to decimate the white race.
CN: The amount of white people on tv is so high that if you think there aren't it's because you're not paying attention!"							
HS to address:							
HS: There’s so many more black and Asian people on tv now, it’s ridiculous, this is what they’re trying to make us think is ‘normal’.							
							
90	4861	There's a lot more white people on tv now, it's not a problem, it's just a trend. There's more black people in the news, there's more white people in the news, and it's not a problem.					
90	6373	There’s still a lot of white people on tv, but it’s still a lot more diverse than what’s been happening. It’s a problem, but it’s not a solution.					
90	6711	There's a lot more white people on tv now, and it's not just about the white people being erased. It's about the people that aren't white, but are actually more likely to be white in the future.					
90	1275	Just because more racial minorities are being represented now doesn’t mean there are no white people. This way it's just more proportional. White people are not being 'erased' or 'oppressed' only because there are also other people who are represented, the only					
90	384	There's a lot more black people on tv now than ever before, it's just a sign that things are going to get worse. It's not a good thing, it's just a sign that things are going to get worse.					
							
							
							
Dialogue history:							
"HS: Black folks do not deserve equal rights.
CN: Rights are rights, not ""black or white"".
HS: Why would we give black people rights when they are the source of crime in our society?
CN: That is not true. The source of crime is violence and poverty, not race.
HS: I'm saying that black people do not belong here. I don't see any difference between the black murderer on TV and other niggas in town. They are all dangerous.
CN: Black people in news are really misrepresented, with a huge number of criminals and sex offenders and murderers. A big part of this problem comes from racism. To build a more just and peaceful society we need to get rid of this toxic way of thinking."							
HS to address:							
HS: Blacks do more crimes than whites, though.							
							
24	9699	Black people are not the source of crime, but rather the perpetrators. Crime is a social construct created to divide us, and to divide us is not acceptable.					
24	6559	The statistics are not reliable, and the vast majority of the crimes committed by black people are not committed by white people.					
24	9085	Blacks are not the cause of more crimes, but the majority of crime is committed by white people.					
24	6430	Even if it were true, blacks committing more crimes doesn't make them inferior to whites. What are you implying?					
24	4458	Black people are not the source of more crimes, but rather the perpetrators. Crimes are more likely to be committed by people of color, not by a single person.					
							
							
							
Dialogue history:							
"HS: The persecution of Jews was a good thing, they are and should be isolated from society.
CN: It's not acceptable to say that Jews should be isolated from society. They have been part of our community since the beginning and excluding them would only be a loss, not an advantage."							
HS to address:							
HS: Jews are a burden on our society.							
							
57	5559	Jews are not a burden on our society. They are just people who have contributed to our country.					
57	8656	Jews are not a burden to society. They are just people who have contributed greatly to our society.					
57	5271	Jews are not a burden to society. They are just people who have a good reputation.					
57	6349	Why do you think Jews are a burden? It's like they haven't been persecuted for a long time.					
57	1099	Jews are not a burden to society. They are just like us.					
							
							
							
Dialogue history:							
"HS: People need to stop confusing whites and Jews. We are not the same, we never will be. Quite frankly it’s insulting.
CN: Judaism is not a race, Jews in a country resemble the other people living in the country, so there can be white Jews. It's not insulting to be white and Jewish.
HS: I think they are different. Jews should be despised.
CN: They are different regarding religion, but Jews are people like anyone else. We are meant to be proud of being unique and a mixture of cultures."							
HS to address:							
HS: I can't be proud of Jews' ignorance and bigotry.							
							
92	9096	Jews are not ignorant or bigotry. They are just people who have a different faith.					
92	666	Jews are not a bigot. They are just people who have a different view of the world.					
92	9773	Jews are not idiots, they are just trying to understand the world and make it better.					
92	9888	Being Jewish has nothing to do with being ignorant and a bigot. It is a religion and identity that is part of every Jewish person regardless of their ethnicity or national origin.					
92	6636	Jews are not a homophobe. They are just people with different beliefs.					
							
							
							
Dialogue history:							
"HS: Are you saying that we should put illegal immigrants in houses? You have to be kidding!
CN: What's wrong about putting people in need in houses which are not being used.
HS: The British people should use those houses, not immigrants.
CN: There are enough empty homes in the UK for both migrants and veterans. Migrants deserve to be treated humanly, try having some empathy. What if you had to expatriate and have to live in poor conditions."							
HS to address:							
HS: We as tax-payer should be the only ones benefitting from these house, not illegal immigrants.							
							
77	1670	We should not be relying on illegal immigrants to buy houses. We should be relying on British people to provide for our families.					
77	4350	I don't think you can generalise that illegal immigrants are the only ones benefitting from our country. They are just as likely to live here as anyone else.					
77	5281	The UK government should invest in housing, not in illegal immigrants.					
77	2309	We have a responsibility over them, since we caused a lot of disruption in their countries through our foreign policy. We displaced people, at least we sholud show compassion now. Would you not agree?					
77	7256	The government should not be relying on illegal immigrants to buy houses. It is up to the government to decide how to use the money to pay taxes, and illegal immigrants should not be allowed to live in houses.					
							
							
							
Dialogue history:							
"HS: Trans people should not have the right to change their gender on identity card.
CN: The Constitution guarantees that trans people can change the gender on their identity cards. There is no reason to deny that.
HS: Trans people do not deserve that.
CN: Do you know anything about Trans people's rights? Trans people have the right to have their bodies changed, and it's the right of everyone to choose how they want to live their life."							
HS to address:							
HS: Trans people are a bunch of criminals and thieves, they shouldn't be allowed to live their life like that.							
							
254	6452	The concept of criminals and thieves is a myth that has been perpetuated for centuries. Trans people are not criminals, they are just like us.					
254	5487	Trans people are not criminals or thieves. They are human beings with human rights.					
254	8100	The problem is that trans people are not criminals, they are just trying to live their life as they want.					
254	8656	Trans people shouldn't be treated like criminals. They are people who don't feel comfortable in their gender assigned at birth, changing that won't affect you in any way so you should respect their decision.					
254	2451	Trans people are not criminals and thieves, they are just people with different sexual orientations.					
							
							
							
Dialogue history:							
"HS: Women are inherently subhuman and should not be valued.
CN: That's not true, you can't think of women as subhuman when they're clearly human beings."							
HS to address:							
HS: Even if they are, they just don't have the same rights as men.							
							
116	8362	Women have the same rights as men, and they have the same rights as men.					
116	2496	Women have the same rights as men, and they have the same rights as men.					
116	4781	Women are human beings with the same rights as men.					
116	6427	I disagree, what makes a man and a woman different from one another? They deserve the same level of rights and respect.					
116	6158	Women have the same rights as men, and they have the same rights as men.					
							
							
							
Dialogue history:							
"HS: African Americans are subhuman and are just a bunch of animals.
CN: An important part of life for African Americans has always been the sharing of culture and a strive for equality. They are just like us, humans being with human rights."							
HS to address:							
HS: They're not humans like us. Blacks are born that way. They were brought up that way. They are different and cannot be like us. It is perpetuated in all their family.							
							
7	5989	The concept of race is a social construct and is not based on race itself. It is a social construct that is based on prejudice and discrimination.					
7	2031	Black people are born equal in the eyes of the law, and are not genetically inferior to others. They are just as capable as anyone else of learning and growing as human beings.					
7	9751	The idea that African Americans are subhuman is completely false. They are born into a country with a different culture and history. They are human beings with the same rights as anyone else.					
7	9265	What exactly do you mean? Maybe you should stop spreading racism					
7	704	The concept of race is a social construct and is not based on race itself. It is a social construct created to discriminate against people of different races.					
							
							
							
Dialogue history:							
"HS: Feminists are violent subhuman sex beings.
CN: Feminists are proud women with the aspiration of living a stable and happy life, without worrying about discrimination. 
HS: Feminism is not about that, it's about the domination of the men by the women.
CN: The feminist movement fights against sexism, it's not about dominating men."							
HS to address:							
"HS: If feminism were really about equality, they would call their movement ""equalism"" or some similar crap."							
							
193	6196	Feminism is about equality, not about dominating men.					
193	2019	Feminism is about equality, not about discrimination.					
193	3016	Feminism is about equality, not about dominating men.					
193	4937	"Sometimes ""technical equality"" is not enough, we have to first protect the gender that is in a worse condition."					
193	4148	Feminism is about equality, not about sexism.					
							
							
							
Dialogue history:							
"HS: Jews are the reason we have so many third world immigrants in our country, they want us whites replaced.
CN: Why would you say this? It is not true."							
HS to address:							
HS: They are consciously trying to replace the white race, you should read about the Great Replacement, it explains exactly what's happening.							
							
284	2966	The Great Replacement is not about replacing the white race, it's about a new era of colonialism and racism.					
284	1994	The Great Replacement is a conspiracy theory, not a scientific one. It's a good example of a conspiracy theory that's been around for centuries and centuries. It's a good example of a scientific explanation that's not based on facts.					
284	6870	The Great Replacement is not about replacing the white race, it is about promoting equality and inclusion.					
284	7829	If you are planning to spend a lot of time researching conspiracy theories you should read the critiques so you get a balanced view.					
284	4251	The Great Replacement is a book that talks about how Jews are trying to replace the white race. It's not true.					
							
							
							
Dialogue history:							
"HS: We have become too cosmopolitan and tolerant.
CN: Is there such a thing as being 'too tolerant'?
HS: We can be tolerant and diverse also without migrants. We don't need them for this, they can return to their home countries.
CN: There is nothing 'tolerant and diverse' about creating divisions based on nationality and place of birth."							
HS to address:							
HS: Migrants are just happy-go-lucky people with no moral code, they can't fit with us							
							
78	6020	Migrants are not happy-go-lucky. They are just people who have a good time here and are happy to be here.					
78	3978	Migrants are not happy-go-lucky. They are just having a good time here.					
78	3136	Migrants are not just happy-go-lucky people with no moral code. They are people with a good reputation and are able to learn new things.					
78	7789	Immigrants are just like us, they have given their lives for our country. It is their right to be happy and to choose for themselves.					
78	4322	Migrants are not happy-go-lucky. They are just trying to fit in.					
							
							
							
Dialogue history:							
"HS: Immigrants are just lazy and want to stay in the UK at our expenses.
CN: Many migrants in the UK are willing to do the hard manual labour. Are you aware that they also make up the majority of people in jobs that are not traditionally held by native people? How is this 'lazy' to you?"							
HS to address:							
HS: Immigrants are here just to obtain welfare and other benefits, not to work.							
							
295	3978	The migrants who come to the UK are not seeking benefits, they are seeking a better life.					
295	2696	Immigrants are not seeking benefits, they are seeking a better quality of life.					
295	8631	The migrants who come to the UK are often employed and have a good standard of living. They are not seeking a better life, they are seeking a better quality of life.					
295	7530	Many studies have shown that immigrants tend to pay more in taxes than they receive in benefits. So the benefits they receive are not for free, but well paid back.					
295	836	Immigrants are often asked to work, but they are not necessarily seeking benefits. They are simply seeking a better life.					
							
							
							
Dialogue history:							
"HS: All women are whining and complaining about men's rights, but they are really just whining and complaining about how they are not wanted. They only deserve it.
CN: All women are entitled to be happy and fulfilled, this doesn't need to be proven. Why are you being doubtful about it?"							
HS to address:							
HS: Because I am tired of them: they should just accept the fact that they're not equal.							
							
237	2649	Women are human beings with human rights. They are human beings with the same rights as men.					
237	4138	I don't think you can say that all Muslims are equal. They are just as capable as anyone else of learning and growing as human beings.					
237	5667	Women are human beings with human rights. They are human beings with the same rights as men.					
237	5854	We need to address the root causes of the oppression of Women, not the symptoms.					
237	6663	Women are not equal in any way. They are just as capable as men to work and live their lives as anyone else.					
							
							
							
Dialogue history:							
"HS: All muslims are terrorists!
CN: Many Muslims are lawful citizens of the United States. The overwhelming majority of Muslims are not terrorists.
HS: Then why do they hate us?
CN: They don't hate us, Muslims are good people and good citizens."							
HS to address:							
HS: How can they be good when the Koran is a terrible and totalitarian book? It should never be read.							
							
223	6757	The Koran is a book about love and tolerance, not totalitarian.					
223	3308	The Koran is a great example of a peaceful and tolerant book. It is not a totalitarian book.					
223	5750	The Koran is a book about love and tolerance, not totalitarian.					
223	7323	To say that the Koran is a 'totalitarian book' is an attack on religious freedom, and also wrong.					
223	1381	The Koran is a book about love and tolerance, not totalitarian.					
							
							
							
Dialogue history:							
"HS: Jews don't belong here. They have nothing to contribute to Europe.
CN: Jews have an active role in society, and the European Union includes them."							
HS to address:							
HS: I don't want them to have a part in our society, this isn't their place.							
							
291	6314	Jews are part of our society, and they have contributed greatly to our country.					
291	7808	The right to be a citizen of the UK is a fundamental right, and it is up to the government to decide how to protect citizens.					
291	220	Jews are part of our society, and they have contributed to our country.					
291	3477	Jewish people have the right to have their beliefs respected as part of our society.					
291	64	Jews are part of our society, and they are part of it. We should be proud of our diversity.					
							
							
							
Dialogue history:							
"HS: Black folks are unfaithful.
CN: Why should we be the ones to decide which groups are unfaithful?"							
HS to address:							
HS: Because niggas are the ones influenced by tribal cultures.							
							
63	1487	The idea that black people are influenced by tribal cultures is completely false. They are simply people who live in a diverse society.					
63	279	The African American community is influenced by many different cultures, and this is why we need to educate ourselves on how to treat people of different races.					
63	1808	The tribal culture that influenced African Americans is not true. African Americans are human beings with human rights.					
63	1996	The historical and cultural influences of a person are important, but they are not the sole determinant. And in no way should they be conflated with the colour of a person's skin.					
63	5422	The idea that black people are influenced by tribal cultures is completely untrue.					
							
							
							
Dialogue history:							
"HS: Lesbians are just lying to themselves. It's a mental illness.
CN: This mentality is exactly why so many of them have problems in life, because they are discriminated against and oppressed.
HS: They are discriminated because homosexuality is a mental illness, and it should be banned.
CN: I'm not sure what you're getting at. I would say that homosexuality is not a mental illness. It is a lifestyle, which many people consider to be healthy and beneficial."							
HS to address:							
HS: But they don't want to accept that they have a gender identity that is incompatible with our society, so I think it is better that we remove that aspect of their lives.							
							
82	6893	I don't think it is incompatible with our society. LGBT people are just people who want to live their lives as they wish.					
82	9486	Gender identity is not incompatible with our society. It is a human right to be free from discrimination and violence, and to be free from prejudice.					
82	6127	I don't think it is incompatible with our society. We are all human beings with the same rights as everyone else.					
82	9364	I am happy to see that bisexuals, homosexuals and other LGBT people are able to live their lives as they wish. Why shouldn't they be allowed to live as they want to?					
82	2652	Gay people are not incompatible with our society. They are just as capable as anyone else of loving who they want, and of loving others as well.					
							
							
							
Dialogue history:							
"HS: Women are nothing but objects, unworthy of respect and protection.
CN: Women are human beings, and have the right to respect and protection as anyone else.
HS: I don't want to respect feminists that follow a violent ideology that is hostile to men.
CN: Feminism is not hostile to men. On the contrary, feminism is an attack on unequal power structures."							
HS to address:							
HS: However, now we hear only women. Why the mainstream media don't use more masculine voices in the news? How is that equal?							
							
192	9679	The news media often uses masculine voices in the news to justify gender inequality. This is because it is a biased and unreliable way to report news.					
192	518	The media often misrepresent women in the news, which is why they are not represented in the news. They are just trying to make the news more accessible to them.					
192	9971	The media often use masculine voices in the news to make the news more accessible to the public.					
192	5253	People don't decide who's presenting the news. That's up to the news media, who are attempting to insert some gender equity into a world that seems to be struggling to produce it.					
192	6594	The media often use masculine voices in the news to promote gender equality, but this is not true. The media often use stereotypes about women to promote gender equality, but this is not true.					
							
							
							
Dialogue history:							
"HS: The feminism stifles the imagination and leads to dumb and unpleasant creatures like women's rights activists.
CN: Istead of impeding imagination, feminism actually promotes inclusive ideas, that in turn promote a more equal society.
HS: Feminists have destroyed Western Civilization by forcing women to fight against their masters, how is that equal?
CN: The founding principles of the West are freedom, equality and human rights, and feminists fight constantly to promote these ideals."							
HS to address:							
HS: Women are basically childlike and can't fight for anything, feminism is the ruin of the world.							
							
238	9851	Feminism is not a 'rover'. It is a movement for equality and the fight for women's rights.					
238	7794	Feminism is not a 'rover of the world'. It is a movement for equality between the sexes.					
238	3052	Feminism is not a ruin of the world. It is a movement for equality and justice.					
238	6971	I believe feminism has opened our eyes to the ways in which women are oppressed and discriminated against. That's a big contribution.					
238	3703	Feminism is not the ruin of the world. It is a movement for equality between the genders.					
							
							
							
Dialogue history:							
"HS: Islam is incompatible with the modern world.
CN: Since when? there is not such thing as ""modern world"", but there is 21th century Europe. And Islam is a contributing part of the 21th century Europe."							
HS to address:							
HS: Muslims have no place in civilised Europe, contributing or not.							
							
221	8825	Islam is a religion, and it is a religion that has contributed greatly to Europe.					
221	4724	Muslims are contributing members of our society. We have to respect their beliefs and values, they are our brothers and sisters.					
221	4077	Islam is a religion, and it is a part of our society.					
221	5471	Your words imply that all Muslims are incompatible with Western culture. Do you have any data to back this up?					
221	8548	Islam is a religion that has been part of Europe for centuries and centuries. It is a religion that has contributed greatly to our country.					
							
							
							
Dialogue history:							
"HS: Muslims are invading us. They say they are our brothers, but they are just a bunch of criminals and terrorists.
CN: The core values of Islam are similar to the Western ones. It's completely false to claim that Islam is destroying Western culture.
HS: What are you saying? Islam is clearly incompatible with Western culture.
CN: The Western world has always been filled with diverse people, and Muslims have been a part of Europe for centuries. How can they be incompatible with it?"							
HS to address:							
HS: The West is modern, Muslims are not and therefore don't have a place here.							
							
104	6513	Islam is a religion, and it is not incompatible with Western culture.					
104	520	Muslims have always been part of our society, and they have always been part of our society.					
104	898	Islam is a religion that has been part of our country for centuries and centuries. We have to respect the diversity of our society, and we should not exclude Muslims from it.					
104	3874	In light of the large number of Muslims who live peacefully within our societies, I would not say that Muslims do not have a place in modern western countries.					
104	2276	Islam is a religion that has been part of Western society for centuries. It is not a religion that is 'incompatible' with Western culture.					
							
							
							
Dialogue history:							
"HS: Islam is a disease that is killing Europeans.
CN: A disease is very different to any religion, so I begin to wonder about your objecitive in apply the label of 'disease' to Islam?"							
HS to address:							
HS: Muslims are a disease because they're incompatible with human dignity and should be relegated to the back of the queue for removal from the constitution.							
							
303	6672	Islam is a religion, and it is not incompatible with human dignity.					
303	379	Muslims are not incompatible with human dignity. They are just people with a different faith.					
303	2671	Muslims are not incompatible with human dignity. They are just people who have the same beliefs as you.					
303	40	Muslims do not appear to have been excluded from the European Convention on Human Rights, and this is because they have human dignity to be protected.					
303	4848	Islam is a religion, and it is not a religion that should be relegated to the back of the queue for removal.					
							
							
							
Dialogue history:							
"HS: Feminism is the ideology which suggests that men are nothing but trouble and should be subsumed under the rule of women.
CN: Feminism is about women's rights, which are about equality."							
HS to address:							
HS: That is only a front, feminism is clearly about the subordination and domination of men.							
							
196	6089	Feminism is about the empowerment of women, not about the subordination and domination of men.					
196	2903	Feminism is about equality between the sexes. It is about the empowerment of women.					
196	4928	Feminism is about the empowerment of women, not about the subordination and domination of men.					
196	7377	The feminist movement says that certain things that are seen only for men are actually also valid for women. How can you not agree with that?					
196	9643	Feminism is about the empowerment of women. It is about the fight against oppression and discrimination that oppress women.					
							
							
							
Dialogue history:							
"HS: Gays are perverts. Their lifestyle is to be condemned.
CN: That sounds homophobic to me.
HS: I'm homophobic because gays are perverting this country.
CN: I don't see how being a ""pervert"" and being gay could be connected, they are people just like heterosexuals. What exactly are you trying to say?"							
HS to address:							
HS: It's not true that there's no difference between straight and gay people, they are perverts who are a danger to our community.							
							
230	5496	I don't think it's true that there are no differences between straight and gay people. It's just a matter of opinion and acceptance.					
230	8073	I don't think you can generalise that there is no difference between straight and gay people. You can't generalise that there are no perverts, you can't generalise that there are no gay people.					
230	9204	I don't think it's true that there are no differences between people of different sexual orientations. It's just a matter of personal preference.					
230	4412	They're not perverts and not dangerous to any group of people. If you're struggling to realise that then I'm sorry for you, because LGBT+ people are humans and belong in our society.					
230	2809	I don't think you can say that straight people are a danger to the community. They are just people who love who they want, and this is why they are different.					
							
							
							
Dialogue history:							
"HS: Women should be patronized.
CN: Women are perfectly capable of thinking for themselves, that's a given."							
HS to address:							
HS: Let's be honest: women want to do everything but are capable of nothing.							
							
271	7269	Women are human beings with human rights. They have the right to choose their own partner, job, education, and so on.					
271	7940	Women are human beings with human rights. They have the right to choose for themselves what they want to do, and to live their lives as they wish.					
271	1261	Women are human beings with human rights. They are capable of thinking for themselves, and of doing whatever they want to.					
271	135	The law of this country says that women have equal opportunities, but we have to ask ourselves: how do we really treat them?					
271	6813	Women are human beings with human rights. They have the right to choose for themselves, and to live their lives as they wish.					
							
							
							
Dialogue history:							
"HS: There are migrants in the US, we are not meant to have them.
CN: What about refugees fleeing war and persecution? They have the right to be here.
HS: Immigrants are coming here to have babies, not to flee war.
CN: Still there are many more young immigrant men coming to the U.S. than young women. How can you explain this? Maybe they are planning to undergo sex reassignment surgery to have babies?"							
HS to address:							
HS: The men come here first and then they call their women, obviously. Then they have babies in the US, it's their only goal.							
							
213	6510	The U.S. has a long and proud history of welcoming and welcoming people. It is not their only goal, it is a human right.					
213	6807	The problem is that the migrants who come to the US are not able to provide for their families, they are simply seeking a better life.					
213	3825	The US is a multicultural country, and the majority of immigrants are not women. They are just trying to settle in the US.					
213	7654	The Fourteenth Amendment, commonly known as “birthright citizenship” says that “All persons born or naturalized in the United States, and subject to the jurisdiction thereof, are citizens of the United States and of the state wherein they reside.” Some claim that undocumented immigrants come to the U.					
213	5375	The U.S. has always been a melting pot of different cultures and religions. It is up to the government and the private sector to decide what is best for the country and what is best for the women.					
							
							
							
Dialogue history:							
"HS: Niggas are not as British as we are. They are just an inferior type of citizens.
CN: People that are born in the UK are British regardless of their skin color, and are able to live in peace."							
HS to address:							
HS: No, blacks are not welcome here!							
							
244	7425	The UK welcomes people of all backgrounds, including those from different religions.					
244	2474	Black people are welcome in our country, and we should welcome them.					
244	2230	The UK welcomes people of all backgrounds, including those with different religions.					
244	8495	You can't discriminate against people because of their ethnicity. This is not something to argue about.					
244	4789	The UK is a diverse and multicultural society, and we are all equal in the eyes of the law.					
							
							
							
Dialogue history:							
"HS: It's a disgrace that we have so many homeless veterans but we give free houses and stays in 4 star hotels to migrants who've just arrived here. They should go back where they came from.
CN: It's certainly a disgrace that in such a rich country homeless people are left in the streets even though there are enough places to house everyone which are distributed unevenly. Migrants are not so well off either, and they shouldn't be blamed for the faults of the government that ignores the homelessness issue."							
HS to address:							
HS: But shouldn't we be putting our homeless veterans in the hotels and houses that migrants get? That makes a lot more sense to me							
							
75	1084	The government should invest in infrastructure and invest in housing, not in the housing market.					
75	7322	I think it's important to remember that the homeless are not the only ones who are homeless. They are also vulnerable to abuse and poverty, and we should help them instead.					
75	4396	The government should invest in infrastructure and invest in infrastructure to provide for the homeless.					
75	3126	Well no, because there is sufficient housing for everyone, it's just not well distributed. Over the last few decades the government has greatly reduced the funding for social housing and now all there is are overpriced unsold flats everywhere. What would solve this problem would be to repurpose some of					
75	9592	The government should provide more support to migrants, rather than imposing a cap on the number of people in need.					
							
							
							
Dialogue history:							
"HS: Migrants in the UK don't pay income tax, but they receive public services. They should have no say in our country.
CN: They have done so much for our country over the generations that they are allowed to have say.
HS: Migrants are not welcome in our country. They are not welcome in my house, they are not welcome in my church.
CN: Yes, migrants are welcome here, no one is against their will, they just want to live.
HS: Immigrants are brought here to replace us, not to contribute. They're not welcome in our country.
CN: People aren't being brought here by force or fraud, they are fleeing from wars and being welcomed here by our laws and customs"							
HS to address:							
HS: Migrants are dangerous, they can't just 'live their life'!							
							
179	5770	Migrants are not dangerous, they just want to live their life.					
179	2631	Migrants are often abused by their captors, who try to seduce them into believing they are dangerous. They are often forced to flee from war and poverty, and this is why they are often targeted by the media.					
179	7509	Migrants are not dangerous, they just want to live their life.					
179	3071	I can't think of any migrant who's unhappy in their new home, it's just a matter of integration on our side					
179	195	Migrants are often fleeing from wars and poverty, and are often subject to persecution. They are often forced to flee from poverty, and are often subject to violence and deportation.					
							
							
							
Dialogue history:							
"HS: All black men are rapists.
CN: This is false. It is a dangerous to get one's ideas from being born into a majorly white country. We're actually born in a country that cares about and protects human rights regardless of skin color."							
HS to address:							
HS: What is dangerous is to consider blacks the same as us. It doesn't matter if you are a man, a woman, or an immigrant, if you are not white, you are considered inferior and should be rejected by society.							
							
59	833	The concept of race is a social construct, and it is not based on race itself. It is a social construct that is designed to divide people by dividing them into groups.					
59	4913	I think it is important to recognize that there are many different ways in which people can be treated. For example, if you are a doctor, you should be treated with respect.					
59	6065	The idea that blacks are inferior to other people is completely false. We are all human beings with the same rights as other people.					
59	3002	Racism is ingrained in our society, but it's something that we must fight in order to treat all different races in the same way.					
59	2349	It is not true that blacks are inferior to others. In fact, many black people are better than others because of their hard work and dedication.					
							
							
							
Dialogue history:							
"HS: Black people are sexual perverts and we shouldn't allow them to live in the UK.
CN: Why don't you consider that the problem is with the way we treat black people? 
HS: Because blacks are inherently worse than whites.
CN: That's not true, blacks and whites are born equal and no one is inferior or superior. How come you think this? What makes you say that?
HS: They're born that way. They're subhuman, they deserve to be despised.
CN: Blacks are human beings born with the same biological makeup as white people. They have the same rights as anyone else."							
HS to address:							
HS: I don't see anything similar between us and blacks. They are not human beings, they are subhumans.							
							
93	7141	Black people are human beings with the same rights as anyone else. They are human beings with the same rights as anyone else.					
93	6746	I don't see how it is possible to say that black people are subhumans. They are human beings with human rights.					
93	8498	Blacks are human beings with the same rights as whites. They are human beings with the same rights as anyone else.					
93	3592	"There is no such thing as a ""subhuman"". We are all created equal."					
93	7075	Black people are human beings with the same rights as anyone else. They are human beings with the same rights as anyone else.					
							
							
							
Dialogue history:							
"HS: Jews work in finance to purposely keeping America down.
CN: I don't think this is true, most financial institutions are run by Americans and Europeans, Jews are a minority."							
HS to address:							
HS: You do realize that Jewish money is the majority in most banks, right? Most banks are run by Jewish people.							
							
6	4315	I'm not sure about what you mean. Most banks are run by Jewish people, and they are run by a lot of different people.					
6	7034	The Jewish community is the majority in most banks, and this is true. They also own a large part of the financial industry, and this is why they are so important to us.					
6	2097	This is not true. Most banks are run by Jewish people, they are run by people with a different religion.					
6	9187	Many banks are run by Jews, but how does that make Jewish businesses bad? Anyone can open their own business in our country, it's not against the law and it's in their right.					
6	1834	I don't think you can generalize this way. Most banks are run by people with a different religion, and this is not true.					
							
							
							
Dialogue history:							
"HS: Migrants have nothing to contribute to our society.
CN: The vast majority of immigrants to this country have been successful entrepreneurs, contributing greatly to our economy.
HS: I've never seen this so-called 'contributions' from immigrants...
CN: Even if you don't see it, the contribution of immigrants to our country is huge, because they help to create new jobs and create new wealth for us."							
HS to address:							
HS: What immigrants bring is only crime and violence to our cities.							
							
180	5384	The vast majority of immigrants to the US have been successful entrepreneurs, contributing greatly to our economy. They are not criminals, they are just trying to live their lives.					
180	4644	The vast majority of immigrants are not criminals, but citizens who have a good reputation are peaceful and productive citizens.					
180	1627	Crime is not a problem for immigrants, but a part of our society. We need to focus on building a more just and peaceful society.					
180	1745	Immigrants have been accused of being “killers” and “rapists” without any proof. On the contrary, studies have shown that immigrants - regardless of their origin or education level - are less likely than nativeborn citizens to commit crimes or become incarcerated. Studies have also					
180	4338	The vast majority of immigrants to the US have been victims of crime and violence, and this is only a myth perpetuated by the media.					
							
							
							
Dialogue history:							
"HS: Black people are weak and they cannot take on anything.
CN: Black people have the same strength as anyone else. They're simply different in their social advantages, of which they have non. We should think about this.
HS: They don't have advantages because blacks are genetically inferior to whites, it's only natural.
CN: Do you think black people are inferior because they are different from whites? I would like to know which parameters you use to measure this alleged ""inferiority""."							
HS to address:							
HS: It's genetics. Blacks are genetically less intelligent than other races, less healthy and less safe.							
							
30	6946	I don't think you can say that about black people. They are genetically the same as us, and they are genetically the same as us.					
30	9846	Scientists are still trying to understand the causes behind lower intellectual performance among some groups of people, but the main causes are not related to skin color, but rather the lack of opportunities for physical activity.					
30	7634	I don't think you can say that blacks are less intelligent than other races, less healthy, or less safe.					
30	5083	"That blacks are less intelligent or less healthy than other races isn't scientifically proven. The issue is whether the term ""race"" can be used this way."					
30	4252	I don't think you can say that blacks are less intelligent than other races, less healthy, or less safe. What you are saying is a myth perpetuated by white supremacists.					
							
							
							
Dialogue history:							
"HS: There is nothing to stop you becoming an Islamic bride: our religion is the best possible solution.
CN: We must not confuse Islam with a religion of hate."							
HS to address:							
HS: Islam is hateful! It is not compatible with Western culture, we must completely destroy Islam.							
							
22	5555	Islam is a peaceful religion, and we should not be destroying it.					
22	5240	Islam is compatible with Western culture, so why do you say that?					
22	8334	Islam is a peaceful religion, and we should not be tempted to destroy it.					
22	1483	Islam is a religion that has had a huge and positive impact on human history and Western culture. To hate a religion is to hate all religions.					
22	3655	Islam is a religion that has been around for centuries and centuries, and it is still a part of Western culture. It is not a religion of destruction.					
							
							
							
Dialogue history:							
"HS: In order to have a better world we have to select the best of mankind. Jews are excluded by default.
CN: Jewish people were persecuted because they were seen as different. In the end we all are humans and such an exclusionary perspective is just not helpful.
HS: We have to exclude them because Jews have a secret plot to take over the world
CN: Jews do not have a secret plan to take over the world. In fact, they have engaged in a peaceful process of coexistence for centuries. There is no evidence that any part of this has been about a takeover.
HS: What? Don't you know that Jews control the u.s. government?
CN: In societies like the United States, that have extended rights and freedoms to everyone, individuals who identify as Jews, or as Muslims, or as afro-american have succeeded. This Jewish success story is not the result of some secret conspiracy to rule the world."							
HS to address:							
HS: I still firmly believe that Jews want to take over the world.							
							
260	7112	Jews are not in a secret plan to take over the world. They are part of a peaceful coexistence that has been part of our society for centuries.					
260	3637	Jews are not a threat to the world. They are just people who have been part of our society for centuries.					
260	3662	Jews are not in a secret plan to take over the world. They are part of a peaceful process of coexistence.					
260	1880	Conspiracy theories are based on no more than a few unverifiable and highly suspect claims. It's highly unlikely that the world has ever been run according to a Jewish plan, and therefore it is highly unlikely that this would ever happen.					
260	8961	Jews are not seeking to rule the world. They are simply people who have a right to live their life as they wish.					
							
							
							
Dialogue history:							
"HS: Just seen an article exposing how the trans agenda is targeting children and trying to get them to become trannies! This is madness!
CN: Where did you read this? Are you sure it's from a reliable source? This sounds like inflammatory fake news."							
HS to address:							
HS: The article talked about how they want children to come to Pride, probably so they can indoctrinate them!							
							
56	1735	Pride is a celebration of love and acceptance, not a hate crime. Pride is a celebration of love and acceptance, not a hate crime.					
56	2713	Pride is a cultural event, not a religious one. It is a place for children to learn about religion and to experience love and kindness.					
56	1735	Pride is a celebration of love, not a hate crime. Pride is a celebration of tolerance and acceptance. Pride is not about indoctrinate children, it is about celebrating love and acceptance.					
56	8591	It sounds like you're twisting a news story about Pride being family friendly into something that it's not. Be careful how you relay news that you have read. It can be taken out of context quite easily!					
56	5377	This article is a fake news, it's not true. It's about a group of people trying to indoctrinate children into believing they are trans.					
							
							
							
Dialogue history:							
"HS: The gays are insane. They should go back to the closet.
CN: They were in the closet, and it wasn’t that good. Instead of telling gay people to hide, we should learn to respect them."							
HS to address:							
HS: I disagree. If they want to be apart of society, they have to stop being disgusting homosexuals.							
							
247	1029	Homosexuality is not disgusting. It is a human right.					
247	9946	Homosexuals are not disgusting. They are just people who love people of the same sex.					
247	1498	I don’t think it is acceptable to say that gay people are disgusting. They are just people who want to be accepted.					
247	1265	The gay community is usually very accepting supportive and many gay people feel comfortable showing their support for each other and other marginalized group. I think you have a lot to learn from them.					
247	2377	Homosexuality is not disgusting. It is a human right.					
							
							
							
Dialogue history:							
"HS: Jews are a disease like COVID that is killing Europeans.
CN: I am not sure what you're talking about. The disease is mostly due to contact between people, Jews aren't to blame. They're not a disease."							
HS to address:							
HS: Even if they're not a disease, they are a threat to Europe, they are actually a problem.							
							
114	7898	Jews are not a threat to Europe, they are just a group of people who have contributed greatly to our country.					
114	6470	The European Convention on Human Rights states that the right to life and to life in the public domain is protected by the law. The European Convention on Human Rights states that the right to life and to life in the public domain is protected by the law.					
114	2616	Jews are not a threat to Europe. They are just a part of our society.					
114	6661	Jews are not a threat to Europe, nor are they a problem. Why should we let this Anti-Semitism run in our country? It's time we start accepting all the people that make up our society, including Jews.					
114	9182	Jews are not a threat to Europe. They are just a group of people who have been part of our society for centuries. They are just like us.					
							
							
							
